drops-1972409_640.jpg,user_uploaded
peanuts-1850809_640.jpg,user_uploaded
keyboard-171845_640.jpg,user_uploaded
amethyst-7552587_640.jpg,user_uploaded
play-stone-1743645_640.jpg,user_uploaded
pink-4170404_640.jpg,user_uploaded
acrobats-412011_640.jpg,user_uploaded
muffins-8693748_640.jpg,user_uploaded
fire-6007111_640.jpg,user_uploaded
snake-6704375_640.jpg,user_uploaded
rose-320868_640.jpg,user_uploaded
zebra-84073_640.jpg,user_uploaded
bud-317398_640.jpg,user_uploaded
rose-165819_640.jpg,user_uploaded
IMG_9325.JPG,user_uploaded
IMG_9324.JPG,user_uploaded
northern-lights-3273425_640.jpg,user_uploaded
christmas-2918_640.jpg,user_uploaded
chrysanthemum-8206709_640.jpg,user_uploaded
christmas-wallpaper-3612508_640.jpg,user_uploaded
amusement-park-5068738_640.jpg,user_uploaded
marbles-1659398_640.jpg,user_uploaded
vw-beetle-7227860_640.jpg,user_uploaded
IMG_9322.PNG,user_uploaded
IMG_9297.JPG,user_uploaded
dalie-4496791_640.jpg,user_uploaded
toy-2165123_640.jpg,user_uploaded
hibiscus-8276215_640.jpg,user_uploaded
nature-3092555_640.jpg,user_uploaded
circus-4721247_640.jpg,user_uploaded
flower-3485218_640.jpg,user_uploaded
macaron-2553448_640.jpg,user_uploaded
lemon-3941993_640.jpg,user_uploaded
duck-meet-4127713_640.jpg,user_uploaded
sunflower-7482869_640.jpg,user_uploaded
dragonfly-4304947_640.jpg,user_uploaded
flower-8408535_640.png,user_uploaded
cats-4945658_640.png,user_uploaded
IMG_9328.JPG,user_uploaded
traffic-light-4097537_640.jpg,user_uploaded
leaf-2210973_640.jpg,user_uploaded
mouse-1412284_640.png,user_uploaded
strawberries-7251298_640.jpg,user_uploaded
energy-saving-7437499_640.jpg,user_uploaded
churros-2188869_640.jpg,user_uploaded
letter-5327129_640.jpg,user_uploaded
eye-7596217_640.jpg,user_uploaded
wild-bee-8058943_640.jpg,user_uploaded
honey-bee-8196854_640.jpg,user_uploaded
thanks-1804597_640.jpg,user_uploaded
